"position","const","created","modified","description","Title","Title type","Directors","IMDb Rating","Runtime (mins)","Year","Genres","Num. Votes","Release Date (month/day/year)","URL"
"1","tt1862079","Sun Jul 15 16:13:39 2012","Sun Jul 15 16:13:39 2012","","Safety Not Guaranteed","Feature Film","Colin Trevorrow","7.0","86","2012","comedy, drama, romance","105597","2012-01-22","http://www.imdb.com/title/tt1862079/"
"2","tt0380817","Mon Jul  9 20:50:44 2012","Mon Jul  9 20:50:44 2012","","Winter Passing","Feature Film","Adam Rapp","6.4","98","2005","comedy, drama","7478","2005-09-10","http://www.imdb.com/title/tt0380817/"
"3","tt0162346","Sun Mar  9 15:26:16 2014","Sun Mar  9 15:26:16 2014","","Ghost World","Feature Film","Terry Zwigoff","7.4","111","2001","comedy, drama","100631","2001-06-16","http://www.imdb.com/title/tt0162346/"
"4","tt1022603","Mon Jul  9 20:50:52 2012","Mon Jul  9 20:50:52 2012","","(500) Days of Summer","Feature Film","Marc Webb","7.7","95","2009","comedy, drama, romance","402048","2009-01-17","http://www.imdb.com/title/tt1022603/"
"5","tt2347569","Wed Feb 20 15:14:22 2013","Wed Feb 20 15:14:22 2013","","Frances Ha","Feature Film","Noah Baumbach","7.4","86","2012","comedy, drama, romance","48725","2012-09-01","http://www.imdb.com/title/tt2347569/"
"6","tt1176251","Mon Jul  9 20:51:02 2012","Mon Jul  9 20:51:02 2012","","Gigantic","Feature Film","Matt Aselton","6.1","98","2008","comedy, drama, romance","8720","2008-09-08","http://www.imdb.com/title/tt1176251/"
"7","tt0432318","Mon Jul  9 20:51:13 2012","Mon Jul  9 20:51:13 2012","","Live Free or Die","Feature Film","Gregg Kavet, Andy Robin","5.6","89","2006","comedy, crime","2354","2006-03-11","http://www.imdb.com/title/tt0432318/"
"8","tt1440292","Mon Jul  9 20:51:22 2012","Mon Jul  9 20:51:22 2012","","Submarine","Feature Film","Richard Ayoade","7.3","97","2010","comedy, drama, romance","71686","2010-09-12","http://www.imdb.com/title/tt1440292/"
"9","tt1481572","Mon Jul  9 21:00:58 2012","Mon Jul  9 21:00:58 2012","","Happythankyoumoreplease","Feature Film","Josh Radnor","6.8","100","2010","comedy, drama, romance","27135","2010-01-20","http://www.imdb.com/title/tt1481572/"
"10","tt1931533","Wed Feb 20 15:12:04 2013","Wed Feb 20 15:12:04 2013","","Seven Psychopaths","Feature Film","Martin McDonagh","7.2","110","2012","comedy, crime","198091","2012-09-07","http://www.imdb.com/title/tt1931533/"
"11","tt1588334","Sun Jul 15 16:14:01 2012","Sun Jul 15 16:14:01 2012","","Jeff, Who Lives at Home","Feature Film","Jay Duplass, Mark Duplass","6.5","83","2011","comedy, drama","57564","2011-09-14","http://www.imdb.com/title/tt1588334/"
"12","tt2294677","Sun Mar 16 19:55:27 2014","Sun Mar 16 19:55:27 2014","","In a World...","Feature Film","Lake Bell","6.7","93","2013","comedy","27458","2013-01-20","http://www.imdb.com/title/tt2294677/"
"13","tt1104733","Sun Jul 15 16:10:52 2012","Sun Jul 15 16:10:52 2012","","Hamlet 2","Feature Film","Andrew Fleming","6.4","92","2008","comedy, music","15493","2008-01-21","http://www.imdb.com/title/tt1104733/"
"14","tt1727388","Sun Mar 23 22:44:09 2014","Sun Mar 23 22:44:09 2014","","The Way Way Back","Feature Film","Nat Faxon, Jim Rash","7.4","103","2013","comedy, drama","122585","2013-01-21","http://www.imdb.com/title/tt1727388/"
"15","tt0845046","Mon Jul  9 21:01:16 2012","Mon Jul  9 21:01:16 2012","","Son of Rambow","Feature Film","Garth Jennings","7.0","96","2007","action, adventure, comedy, drama, family","28053","2007-01-22","http://www.imdb.com/title/tt0845046/"
"16","tt1161418","Mon Jul  9 21:01:32 2012","Mon Jul  9 21:01:32 2012","","Gentlemen Broncos","Feature Film","Jared Hess","6.2","89","2009","adventure, comedy, sci_fi","9607","2009-09-24","http://www.imdb.com/title/tt1161418/"
"17","tt0333766","Mon Jul  9 20:51:31 2012","Mon Jul  9 20:51:31 2012","","Garden State","Feature Film","Zach Braff","7.5","102","2004","comedy, drama, romance","192919","2004-01-16","http://www.imdb.com/title/tt0333766/"
"18","tt0128445","Mon Jul  9 20:51:36 2012","Mon Jul  9 20:51:36 2012","","Rushmore","Feature Film","Wes Anderson","7.7","93","1998","comedy, drama","142865","1998-09-17","http://www.imdb.com/title/tt0128445/"
"19","tt0354899","Mon Jul  9 20:51:43 2012","Mon Jul  9 20:51:43 2012","","The Science of Sleep","Feature Film","Michel Gondry","7.3","105","2006","comedy, drama, fantasy, romance","63271","2006-02-11","http://www.imdb.com/title/tt0354899/"
"20","tt1178663","Mon Jul  9 20:51:51 2012","Mon Jul  9 20:51:51 2012","","Whatever Works","Feature Film","Woody Allen","7.2","93","2009","comedy, romance","62221","2009-04-22","http://www.imdb.com/title/tt1178663/"
"21","tt1659337","Sun Jul 15 20:20:00 2012","Sun Jul 15 20:20:00 2012","","The Perks of Being a Wallflower","Feature Film","Stephen Chbosky","8.0","102","2012","drama, romance","380540","2012-09-08","http://www.imdb.com/title/tt1659337/"
"22","tt0415978","Mon Jul  9 20:51:58 2012","Mon Jul  9 20:51:58 2012","","Me and You and Everyone We Know","Feature Film","Miranda July","7.3","91","2005","comedy, drama","32117","2005-01","http://www.imdb.com/title/tt0415978/"
"23","tt0436689","Mon Jul  9 20:52:08 2012","Mon Jul  9 20:52:08 2012","","The Puffy Chair","Feature Film","Jay Duplass","6.6","85","2005","comedy, drama, romance","4303","2005-01","http://www.imdb.com/title/tt0436689/"
"24","tt0335266","Mon Jul  9 20:52:16 2012","Mon Jul  9 20:52:16 2012","","Lost in Translation","Feature Film","Sofia Coppola","7.8","102","2003","drama","340352","2003-08-29","http://www.imdb.com/title/tt0335266/"
"25","tt0423977","Mon Jul  9 20:52:35 2012","Mon Jul  9 20:52:35 2012","","Charlie Bartlett","Feature Film","Jon Poll","7.0","97","2007","comedy, drama, romance","58280","2007-05-01","http://www.imdb.com/title/tt0423977/"
"26","tt1606392","Mon Jul  9 20:52:47 2012","Mon Jul  9 20:52:47 2012","","Win Win","Feature Film","Tom McCarthy","7.2","106","2011","comedy, drama, sport","49803","2011-01-21","http://www.imdb.com/title/tt1606392/"
"27","tt1131729","Mon Jul  9 20:52:53 2012","Mon Jul  9 20:52:53 2012","","Pirate Radio","Feature Film","Richard Curtis","7.4","135","2009","comedy, drama, music","94769","2009-04-01","http://www.imdb.com/title/tt1131729/"
"28","tt0338013","Mon Jul  9 20:53:01 2012","Mon Jul  9 20:53:01 2012","","Eternal Sunshine of the Spotless Mind","Feature Film","Michel Gondry","8.3","108","2004","drama, romance, sci_fi","723284","2004-03-09","http://www.imdb.com/title/tt0338013/"
"29","tt0467406","Mon Jul  9 20:53:07 2012","Mon Jul  9 20:53:07 2012","","Juno","Feature Film","Jason Reitman","7.5","96","2007","comedy, drama","434754","2007-09-01","http://www.imdb.com/title/tt0467406/"
"30","tt0981227","Mon Jul  9 20:53:14 2012","Mon Jul  9 20:53:14 2012","","Nick and Norah's Infinite Playlist","Feature Film","Peter Sollett","6.7","90","2008","comedy, drama, music, romance","78310","2008-09-06","http://www.imdb.com/title/tt0981227/"
"31","tt0477139","Mon Jul  9 20:53:20 2012","Mon Jul  9 20:53:20 2012","","Wristcutters: A Love Story","Feature Film","Goran Dukic","7.4","88","2006","comedy, drama, fantasy, romance","48101","2006-01-24","http://www.imdb.com/title/tt0477139/"
"32","tt0108122","Mon Jul  9 20:53:26 2012","Mon Jul  9 20:53:26 2012","","Short Cuts","Feature Film","Robert Altman","7.7","188","1993","comedy, drama","36750","1993-09-04","http://www.imdb.com/title/tt0108122/"
"33","tt0093822","Mon Jul  9 20:53:50 2012","Mon Jul  9 20:53:50 2012","","Raising Arizona","Feature Film","Joel Coen","7.4","94","1987","comedy, crime","106305","1987-03-06","http://www.imdb.com/title/tt0093822/"
"34","tt1477837","Mon Jul  9 20:53:56 2012","Mon Jul  9 20:53:56 2012","","Cedar Rapids","Feature Film","Miguel Arteta","6.3","87","2011","comedy","33436","2011-01-23","http://www.imdb.com/title/tt1477837/"
"35","tt1058017","Mon Jul  9 20:54:03 2012","Mon Jul  9 20:54:03 2012","","The Invention of Lying","Feature Film","Ricky Gervais, Matthew Robinson","6.4","100","2009","comedy, fantasy, romance","98502","2009-09-14","http://www.imdb.com/title/tt1058017/"
"36","tt1645080","Mon Jul  9 20:54:10 2012","Mon Jul  9 20:54:10 2012","","The Art of Getting By","Feature Film","Gavin Wiesen","6.6","83","2011","drama, romance","49012","2011-01-23","http://www.imdb.com/title/tt1645080/"
"37","tt1234654","Mon Jul  9 20:54:17 2012","Mon Jul  9 20:54:17 2012","","Greenberg","Feature Film","Noah Baumbach","6.1","107","2010","comedy, drama, romance","30940","2010-02-14","http://www.imdb.com/title/tt1234654/"
"38","tt1278379","Mon Jul  9 20:54:32 2012","Mon Jul  9 20:54:32 2012","","Jack Goes Boating","Feature Film","Philip Seymour Hoffman","6.4","91","2010","drama, romance","7275","2010-01-23","http://www.imdb.com/title/tt1278379/"
"39","tt0181875","Mon Jul  9 20:54:37 2012","Mon Jul  9 20:54:37 2012","","Almost Famous","Feature Film","Cameron Crowe","7.9","122","2000","adventure, comedy, drama, music","217727","2000-09-08","http://www.imdb.com/title/tt0181875/"
"40","tt0403702","Mon Jul  9 20:54:44 2012","Mon Jul  9 20:54:44 2012","","Youth in Revolt","Feature Film","Miguel Arteta","6.5","90","2009","comedy, drama, romance","67095","2009-09-11","http://www.imdb.com/title/tt0403702/"
"41","tt1091722","Mon Jul  9 20:54:52 2012","Mon Jul  9 20:54:52 2012","","Adventureland","Feature Film","Greg Mottola","6.8","107","2009","comedy, drama, romance","137805","2009-01-19","http://www.imdb.com/title/tt1091722/"
"42","tt0799934","Mon Jul  9 20:55:02 2012","Mon Jul  9 20:55:02 2012","","Be Kind Rewind","Feature Film","Michel Gondry","6.4","102","2008","comedy","82094","2008-01-20","http://www.imdb.com/title/tt0799934/"
"43","tt0318761","Mon Jul  9 20:55:07 2012","Mon Jul  9 20:55:07 2012","","Thumbsucker","Feature Film","Mike Mills","6.6","96","2005","comedy, drama","19236","2005-01-23","http://www.imdb.com/title/tt0318761/"
"44","tt0418773","Mon Jul  9 20:55:15 2012","Mon Jul  9 20:55:15 2012","","Junebug","Feature Film","Phil Morrison","7.0","106","2005","comedy, drama","19706","2005-01-24","http://www.imdb.com/title/tt0418773/"
"45","tt0494222","Mon Jul  9 20:55:22 2012","Mon Jul  9 20:55:22 2012","","Eagle vs Shark","Feature Film","Taika Waititi","6.8","88","2007","comedy, romance","17742","2007-01","http://www.imdb.com/title/tt0494222/"
"46","tt0120601","Mon Jul  9 20:55:34 2012","Mon Jul  9 20:55:34 2012","","Being John Malkovich","Feature Film","Spike Jonze","7.8","112","1999","comedy, drama, fantasy","266982","1999-09-02","http://www.imdb.com/title/tt0120601/"
"47","tt0402850","Mon Jul  9 20:55:44 2012","Mon Jul  9 20:55:44 2012","","The Big White","Feature Film","Mark Mylod","6.4","100","2005","comedy, crime, drama","12744","2005-07-28","http://www.imdb.com/title/tt0402850/"
"48","tt1331064","Mon Jul  9 20:56:14 2012","Mon Jul  9 20:56:14 2012","","Paper Heart","Feature Film","Nicholas Jasenovec","6.0","88","2009","comedy, drama, romance","7523","2009-01","http://www.imdb.com/title/tt1331064/"
"49","tt0404030","Mon Jul  9 20:56:27 2012","Mon Jul  9 20:56:27 2012","","Everything Is Illuminated","Feature Film","Liev Schreiber","7.5","106","2005","comedy, drama","52321","2005-09-03","http://www.imdb.com/title/tt0404030/"
"50","tt0364955","Mon Jul  9 20:56:45 2012","Mon Jul  9 20:56:45 2012","","Art School Confidential","Feature Film","Terry Zwigoff","6.3","102","2006","comedy, drama","15334","2006-01-23","http://www.imdb.com/title/tt0364955/"
"51","tt0406650","Mon Jul  9 20:56:56 2012","Mon Jul  9 20:56:56 2012","","The Chumscrubber","Feature Film","Arie Posin","7.0","108","2005","comedy, drama","16666","2005-01-25","http://www.imdb.com/title/tt0406650/"
"52","tt0280760","Mon Jul  9 20:57:03 2012","Mon Jul  9 20:57:03 2012","","Igby Goes Down","Feature Film","Burr Steers","7.0","98","2002","comedy, drama","29768","2002-05-23","http://www.imdb.com/title/tt0280760/"
"53","tt0238924","Mon Jul  9 20:57:12 2012","Mon Jul  9 20:57:12 2012","","The Dangerous Lives of Altar Boys","Feature Film","Peter Care","7.1","104","2002","comedy, drama","12288","2002-01-18","http://www.imdb.com/title/tt0238924/"
"54","tt0356721","Mon Jul  9 20:57:42 2012","Mon Jul  9 20:57:42 2012","","I Heart Huckabees","Feature Film","David O. Russell","6.7","107","2004","comedy","58243","2004-09-10","http://www.imdb.com/title/tt0356721/"
"55","tt0367089","Mon Jul  9 20:57:50 2012","Mon Jul  9 20:57:50 2012","","The Squid and the Whale","Feature Film","Noah Baumbach","7.4","81","2005","comedy, drama","62833","2005-01-24","http://www.imdb.com/title/tt0367089/"
"56","tt0412019","Mon Jul  9 20:57:59 2012","Mon Jul  9 20:57:59 2012","","Broken Flowers","Feature Film","Jim Jarmusch","7.2","106","2005","comedy, drama, mystery, romance","85526","2005-05-17","http://www.imdb.com/title/tt0412019/"
"57","tt0385056","Mon Jul  9 20:58:07 2012","Mon Jul  9 20:58:07 2012","","Lonesome Jim","Feature Film","Steve Buscemi","6.6","91","2005","comedy, drama","7105","2005-01-22","http://www.imdb.com/title/tt0385056/"
"58","tt0305206","Mon Jul  9 20:58:18 2012","Mon Jul  9 20:58:18 2012","","American Splendor","Feature Film","Shari Springer Berman, Robert Pulcini","7.5","101","2003","biography, comedy, drama","43276","2003-01-20","http://www.imdb.com/title/tt0305206/"
"59","tt1531663","Mon Jul  9 20:58:27 2012","Mon Jul  9 20:58:27 2012","","Everything Must Go","Feature Film","Dan Rush","6.4","97","2010","comedy, drama","42904","2010-09-10","http://www.imdb.com/title/tt1531663/"
"60","tt0119809","Mon Jul  9 20:59:09 2012","Mon Jul  9 20:59:09 2012","","Nowhere","Feature Film","Gregg Araki","6.4","82","1997","comedy, drama, sci_fi","7013","1997-05-09","http://www.imdb.com/title/tt0119809/"
"61","tt0444672","Mon Jul  9 20:59:22 2012","Mon Jul  9 20:59:22 2012","","Moving McAllister","Feature Film","Andrew Black","5.3","89","2007","adventure, comedy, romance","3449","2007-09-14","http://www.imdb.com/title/tt0444672/"
"62","tt0114594","Mon Jul  9 20:59:30 2012","Mon Jul  9 20:59:30 2012","","Swimming with Sharks","Feature Film","George Huang","7.1","93","1994","comedy, crime","19853","1994-09-10","http://www.imdb.com/title/tt0114594/"
"63","tt1231587","Mon Jul  9 20:59:42 2012","Mon Jul  9 20:59:42 2012","","Hot Tub Time Machine","Feature Film","Steve Pink","6.4","101","2010","comedy, sci_fi","144307","2010-03-17","http://www.imdb.com/title/tt1231587/"
"64","tt0359950","Sun Mar 23 22:44:41 2014","Sun Mar 23 22:44:41 2014","","The Secret Life of Walter Mitty","Feature Film","Ben Stiller","7.3","114","2013","adventure, comedy, drama, fantasy, romance","251535","2013-10-05","http://www.imdb.com/title/tt0359950/"
"65","tt0168449","Mon Jul  9 21:00:15 2012","Mon Jul  9 21:00:15 2012","","The Adventures of Sebastian Cole","Feature Film","Tod Williams","6.9","99","1998","comedy, drama","1735","1998-09-11","http://www.imdb.com/title/tt0168449/"
"66","tt0258100","Mon Jul  9 21:00:21 2012","Mon Jul  9 21:00:21 2012","","Run Ronnie Run","Feature Film","Troy Miller","6.4","86","2002","comedy","4886","2002-01","http://www.imdb.com/title/tt0258100/"
"67","tt0147612","Sun Mar  9 15:26:02 2014","Sun Mar  9 15:26:02 2014","","Happiness","Feature Film","Todd Solondz","7.8","134","1998","comedy, drama","57978","1998-05-15","http://www.imdb.com/title/tt0147612/"
"68","tt0274812","Mon Jul  9 20:56:37 2012","Mon Jul  9 20:56:37 2012","","Secretary","Feature Film","Steven Shainberg","7.0","107","2002","comedy, drama, romance","71425","2002-01-11","http://www.imdb.com/title/tt0274812/"
"69","tt0787475","Mon Jul  9 21:00:35 2012","Mon Jul  9 21:00:35 2012","","Hot Rod","Feature Film","Akiva Schaffer","6.7","88","2007","comedy","63684","2007-08-03","http://www.imdb.com/title/tt0787475/"
"70","tt1581835","Mon Jul  9 21:00:41 2012","Mon Jul  9 21:00:41 2012","","Daydream Nation","Feature Film","Michael Goldbach","6.4","98","2010","drama, romance","11175","2010-09-10","http://www.imdb.com/title/tt1581835/"
"71","tt1261954","Mon Jul  9 21:00:49 2012","Mon Jul  9 21:00:49 2012","","Take Me Home","Feature Film","Sam Jaeger","6.9","97","2011","comedy, romance","6296","2011-04-19","http://www.imdb.com/title/tt1261954/"
"72","tt1571409","Mon Jul  9 21:01:05 2012","Mon Jul  9 21:01:05 2012","","Parked","Feature Film","Darragh Byrne","6.9","94","2010","drama","1767","2010-12-02","http://www.imdb.com/title/tt1571409/"
"73","tt0477078","Mon Jul  9 21:01:23 2012","Mon Jul  9 21:01:23 2012","","Rocket Science","Feature Film","Jeffrey Blitz","6.7","101","2007","comedy, drama","12025","2007-01-19","http://www.imdb.com/title/tt0477078/"
"74","tt0118789","Mon Jul  9 21:01:44 2012","Mon Jul  9 21:01:44 2012","","Buffalo '66","Feature Film","Vincent Gallo","7.5","110","1998","comedy, crime, drama, romance","38744","1998-01-21","http://www.imdb.com/title/tt0118789/"
"75","tt0479289","Mon Jul  9 21:02:00 2012","Mon Jul  9 21:02:00 2012","","The Go-Getter","Feature Film","Martin Hynes","6.7","93","2007","comedy, drama","4730","2007-01-22","http://www.imdb.com/title/tt0479289/"
"76","tt1029120","Mon Jul  9 21:02:10 2012","Mon Jul  9 21:02:10 2012","","Henry Poole Is Here","Feature Film","Mark Pellington","6.5","99","2008","comedy, drama","11321","2008-01-21","http://www.imdb.com/title/tt1029120/"
"77","tt0460810","Mon Jul  9 21:02:19 2012","Mon Jul  9 21:02:19 2012","","The Great Buck Howard","Feature Film","Sean McGinly","6.5","90","2008","comedy, drama","12279","2008-01-18","http://www.imdb.com/title/tt0460810/"
"78","tt0489282","Mon Jul  9 21:02:27 2012","Mon Jul  9 21:02:27 2012","","Strange Wilderness","Feature Film","Fred Wolf","5.3","87","2008","adventure, comedy","19237","2008-02-01","http://www.imdb.com/title/tt0489282/"
"79","tt0456554","Mon Jul  9 21:02:36 2012","Mon Jul  9 21:02:36 2012","","Grandma's Boy","Feature Film","Nicholaus Goossen","7.0","94","2006","comedy","70031","2006-01-06","http://www.imdb.com/title/tt0456554/"
"80","tt0790612","Mon Jul  9 21:03:16 2012","Mon Jul  9 21:03:16 2012","","American Fork","Feature Film","Chris Bowman","6.3","84","2007","comedy, drama","564","2007-01","http://www.imdb.com/title/tt0790612/"
"81","tt1606180","Mon Jul  9 21:03:26 2012","Mon Jul  9 21:03:26 2012","","That's What I Am","Feature Film","Mike Pavone","7.1","101","2011","comedy, drama, romance","9394","2011-04-29","http://www.imdb.com/title/tt1606180/"
"82","tt1235170","Mon Jul  9 21:03:42 2012","Mon Jul  9 21:03:42 2012","","The Future","Feature Film","Miranda July","6.2","91","2011","comedy, drama, romance, sci_fi","7220","2011-01-21","http://www.imdb.com/title/tt1235170/"
"83","tt0388182","Mon Jul  9 21:03:54 2012","Mon Jul  9 21:03:54 2012","","King of California","Feature Film","Mike Cahill","6.7","93","2007","comedy, drama","20403","2007-01-24","http://www.imdb.com/title/tt0388182/"
"84","tt0461946","Mon Jul  9 21:04:03 2012","Mon Jul  9 21:04:03 2012","","Everything's Gone Green","Feature Film","Paul Fox","6.1","95","2006","comedy, crime","1916","2006-09-10","http://www.imdb.com/title/tt0461946/"
"85","tt0338075","Mon Jul  9 21:04:12 2012","Mon Jul  9 21:04:12 2012","","Grand Theft Parsons","Feature Film","David Caffrey","6.1","88","2003","adventure, comedy, drama","3028","2003-11-06","http://www.imdb.com/title/tt0338075/"
"86","tt0265666","Mon Jul  9 21:07:28 2012","Mon Jul  9 21:07:28 2012","","The Royal Tenenbaums","Feature Film","Wes Anderson","7.6","110","2001","comedy, drama","222420","2001-10-05","http://www.imdb.com/title/tt0265666/"
"87","tt0420223","Fri Jul 13 00:59:03 2012","Fri Jul 13 00:59:03 2012","","Stranger Than Fiction","Feature Film","Marc Forster","7.6","113","2006","comedy, drama, fantasy, romance","194812","2006-09-09","http://www.imdb.com/title/tt0420223/"
"88","tt1512235","Sun Jul 15 16:13:21 2012","Sun Jul 15 16:13:21 2012","","Super","Feature Film","James Gunn","6.8","96","2010","comedy, drama","64936","2010-09-10","http://www.imdb.com/title/tt1512235/"
"89","tt0862846","Sun Jul 15 16:16:52 2012","Sun Jul 15 16:16:52 2012","","Sunshine Cleaning","Feature Film","Christine Jeffs","6.9","91","2008","comedy, drama","63209","2008-01-18","http://www.imdb.com/title/tt0862846/"
"90","tt1174730","Sun Jul 15 16:18:07 2012","Sun Jul 15 16:18:07 2012","","City Island","Feature Film","Raymond De Felitta","7.4","104","2009","comedy, drama, romance","28086","2009-03-23","http://www.imdb.com/title/tt1174730/"
"91","tt1262981","Sun Jul 15 16:21:50 2012","Sun Jul 15 16:21:50 2012","","World's Greatest Dad","Feature Film","Bobcat Goldthwait","6.9","99","2009","comedy, drama","33309","2009-01-18","http://www.imdb.com/title/tt1262981/"
"92","tt1285309","Sun Jul 15 16:22:14 2012","Sun Jul 15 16:22:14 2012","","The Joneses","Feature Film","Derrick Borte","6.5","96","2009","drama","34827","2009-09-13","http://www.imdb.com/title/tt1285309/"
"93","tt1366344","Sun Jul 15 16:22:35 2012","Sun Jul 15 16:22:35 2012","","The Sitter","Feature Film","David Gordon Green","5.7","81","2011","comedy","62190","2011-12-09","http://www.imdb.com/title/tt1366344/"
"94","tt1509803","Sun Jul 15 16:28:32 2012","Sun Jul 15 16:28:32 2012","","Griff the Invisible","Feature Film","Leon Ford","6.1","90","2010","comedy, drama, romance, sci_fi","4265","2010-09-10","http://www.imdb.com/title/tt1509803/"
"95","tt0460740","Sun Jul 15 16:32:22 2012","Sun Jul 15 16:32:22 2012","","Cashback","Feature Film","Sean Ellis","7.2","102","2006","comedy, drama, romance","75558","2006-09-10","http://www.imdb.com/title/tt0460740/"
"96","tt1176740","Sun Jul 15 16:36:24 2012","Sun Jul 15 16:36:24 2012","","Away We Go","Feature Film","Sam Mendes","7.1","98","2009","comedy, drama, romance","47314","2009-06-05","http://www.imdb.com/title/tt1176740/"
"97","tt1405365","Wed Feb 20 15:10:20 2013","Wed Feb 20 15:10:20 2013","","Celeste & Jesse Forever","Feature Film","Lee Toland Krieger","6.6","92","2012","comedy, drama, romance","25701","2012-01-20","http://www.imdb.com/title/tt1405365/"
"98","tt1393742","Sun Jul 15 20:19:43 2012","Sun Jul 15 20:19:43 2012","","Jesus Henry Christ","Feature Film","Dennis Lee","6.4","92","2011","comedy","5384","2011-04","http://www.imdb.com/title/tt1393742/"
"99","tt0271259","Sun Jul 15 18:39:23 2012","Sun Jul 15 18:39:23 2012","","Welcome to Collinwood","Feature Film","Anthony Russo, Joe Russo","6.4","86","2002","comedy, crime","12885","2002-05-24","http://www.imdb.com/title/tt0271259/"
"100","tt0449059","Sun Jul 15 19:00:19 2012","Sun Jul 15 19:00:19 2012","","Little Miss Sunshine","Feature Film","Jonathan Dayton, Valerie Faris","7.8","101","2006","comedy, drama","376379","2006-01-20","http://www.imdb.com/title/tt0449059/"
"101","tt1295072","Sun Jul 15 16:39:23 2012","Sun Jul 15 16:39:23 2012","","The Trotsky","Feature Film","Jacob Tierney","6.9","120","2009","comedy, drama","5088","2009-09-11","http://www.imdb.com/title/tt1295072/"
"102","tt0844286","Sun Jul 15 16:39:39 2012","Sun Jul 15 16:39:39 2012","","The Brothers Bloom","Feature Film","Rian Johnson","6.8","114","2008","adventure, comedy, drama, romance","43342","2008-09-09","http://www.imdb.com/title/tt0844286/"
"103","tt0363780","Sun Jul 15 16:51:24 2012","Sun Jul 15 16:51:24 2012","","Lymelife","Feature Film","Derick Martini","7.0","95","2008","comedy, drama, romance","13141","2008-09-08","http://www.imdb.com/title/tt0363780/"
"104","tt0437405","Sun Jul 15 16:53:32 2012","Sun Jul 15 16:53:32 2012","","Paper Man","Feature Film","Kieran Mulroney, Michele Mulroney","6.7","110","2009","comedy, drama","16098","2009-06-15","http://www.imdb.com/title/tt0437405/"
"105","tt1389137","Sun Jul 15 17:03:09 2012","Sun Jul 15 17:03:09 2012","","We Bought a Zoo","Feature Film","Cameron Crowe","7.1","124","2011","comedy, drama, family","117597","2011-11-26","http://www.imdb.com/title/tt1389137/"
"106","tt0790623","Sun Jul 15 17:07:06 2012","Sun Jul 15 17:07:06 2012","","Meet Bill","Feature Film","Bernie Goldmann, Melisa Wallack","6.3","93","2007","comedy, drama","18155","2007-09-08","http://www.imdb.com/title/tt0790623/"
"107","tt1336617","Sun Jul 15 18:27:25 2012","Sun Jul 15 18:27:25 2012","","Cyrus","Feature Film","Jay Duplass, Mark Duplass","6.3","91","2010","comedy, drama, romance","31085","2010-01-23","http://www.imdb.com/title/tt1336617/"
"108","tt1421051","Sun Jul 15 18:29:09 2012","Sun Jul 15 18:29:09 2012","","Somewhere","Feature Film","Sofia Coppola","6.3","97","2010","comedy, drama","37482","2010-09-03","http://www.imdb.com/title/tt1421051/"
"109","tt0784972","Sun Jul 15 18:39:40 2012","Sun Jul 15 18:39:40 2012","","The Brothers Solomon","Feature Film","Bob Odenkirk","5.3","93","2007","comedy","9774","2007-09-07","http://www.imdb.com/title/tt0784972/"
"110","tt0462295","Sun Jul 15 18:40:05 2012","Sun Jul 15 18:40:05 2012","","Flakes","Feature Film","Michael Lehmann","6.0","84","2007","comedy","3174","2007-03-10","http://www.imdb.com/title/tt0462295/"
"111","tt0115734","Sun Jul 15 18:42:20 2012","Sun Jul 15 18:42:20 2012","","Bottle Rocket","Feature Film","Wes Anderson","7.1","91","1996","comedy, crime, drama","57827","1996-02-21","http://www.imdb.com/title/tt0115734/"
"112","tt0790676","Sun Jul 15 18:45:01 2012","Sun Jul 15 18:45:01 2012","","The Good Life","Feature Film","Steve Berra","6.5","90","2007","comedy, drama","1751","2007-01-20","http://www.imdb.com/title/tt0790676/"
"113","tt0332375","Sun Jul 15 18:45:40 2012","Sun Jul 15 18:45:40 2012","","Saved!","Feature Film","Brian Dannelly","6.8","92","2004","comedy, drama","41387","2004-01-21","http://www.imdb.com/title/tt0332375/"
"114","tt0120654","Sun Jul 15 18:53:00 2012","Sun Jul 15 18:53:00 2012","","Dirty Work","Feature Film","Bob Saget","6.4","82","1998","comedy","20758","1998-06-12","http://www.imdb.com/title/tt0120654/"
"115","tt0439289","Sun Jul 15 18:54:32 2012","Sun Jul 15 18:54:32 2012","","Running with Scissors","Feature Film","Ryan Murphy","6.2","116","2006","comedy, drama","20469","2006-10-20","http://www.imdb.com/title/tt0439289/"
"116","tt0411195","Sun Jul 15 18:56:33 2012","Sun Jul 15 18:56:33 2012","","Breakfast on Pluto","Feature Film","Neil Jordan","7.3","128","2005","comedy, drama","18208","2005-09-03","http://www.imdb.com/title/tt0411195/"
"117","tt0362270","Sun Jul 15 18:58:07 2012","Sun Jul 15 18:58:07 2012","","The Life Aquatic with Steve Zissou","Feature Film","Wes Anderson","7.3","119","2004","adventure, comedy, drama","149210","2004-11-20","http://www.imdb.com/title/tt0362270/"
"118","tt0124198","Sun Jul 15 18:58:28 2012","Sun Jul 15 18:58:28 2012","","Very Bad Things","Feature Film","Peter Berg","6.3","100","1998","comedy, crime, thriller","40773","1998-09-11","http://www.imdb.com/title/tt0124198/"
"119","tt0118954","Sun Jul 15 19:03:22 2012","Sun Jul 15 19:03:22 2012","","Deconstructing Harry","Feature Film","Woody Allen","7.4","96","1997","comedy","37305","1997-08-27","http://www.imdb.com/title/tt0118954/"
"120","tt1234548","Sun Jul 15 19:03:51 2012","Sun Jul 15 19:03:51 2012","","The Men Who Stare at Goats","Feature Film","Grant Heslov","6.2","94","2009","comedy, war","113610","2009-09-08","http://www.imdb.com/title/tt1234548/"
"121","tt0376543","Sun Jul 15 19:05:19 2012","Sun Jul 15 19:05:19 2012","","Color Me Kubrick","Feature Film","Brian Cook","6.2","86","2005","comedy, drama","5788","2005-10-06","http://www.imdb.com/title/tt0376543/"
"122","tt0065063","Sun Jul 15 19:13:34 2012","Sun Jul 15 19:13:34 2012","","Take the Money and Run","Feature Film","Woody Allen","7.3","85","1969","comedy, crime","23999","1969-08-18","http://www.imdb.com/title/tt0065063/"
"123","tt0109445","Sun Jul 15 19:15:54 2012","Sun Jul 15 19:15:54 2012","","Clerks","Feature Film","Kevin Smith","7.8","92","1994","comedy","189045","1994-01","http://www.imdb.com/title/tt0109445/"
"124","tt0393109","Sun Jul 15 19:17:49 2012","Sun Jul 15 19:17:49 2012","","Brick","Feature Film","Rian Johnson","7.4","110","2005","action, crime, drama, mystery, thriller","88503","2005-01","http://www.imdb.com/title/tt0393109/"
"125","tt0439182","Sun Jul 15 19:24:12 2012","Sun Jul 15 19:24:12 2012","","Four Eyed Monsters","Feature Film","Susan Buice, Arin Crumley","6.4","85","2005","comedy, drama, fantasy, romance","1104","2005-01-23","http://www.imdb.com/title/tt0439182/"
"126","tt0118715","Sun Jul 15 19:24:36 2012","Sun Jul 15 19:24:36 2012","","The Big Lebowski","Feature Film","Joel Coen","8.2","117","1998","comedy, crime","582507","1998-02-15","http://www.imdb.com/title/tt0118715/"
"127","tt1294213","Sun Jul 15 20:19:51 2012","Sun Jul 15 20:19:51 2012","","Solitary Man","Feature Film","Brian Koppelman, David Levien","6.4","90","2009","comedy, drama, romance","13941","2009-09","http://www.imdb.com/title/tt1294213/"
"128","tt1307068","Sun Jul 15 20:20:42 2012","Sun Jul 15 20:20:42 2012","","Seeking a Friend for the End of the World","Feature Film","Lorene Scafaria","6.7","101","2012","adventure, comedy, drama, romance, sci_fi","93700","2012-06-18","http://www.imdb.com/title/tt1307068/"
"129","tt1093355","Sun Jul 15 20:22:13 2012","Sun Jul 15 20:22:13 2012","","BuzzKill","Feature Film","Steven Kampmann","4.7","94","2012","comedy","161","2012-01-20","http://www.imdb.com/title/tt1093355/"
"130","tt0247745","Sun Jul 15 20:36:30 2012","Sun Jul 15 20:36:30 2012","","Super Troopers","Feature Film","Jay Chandrasekhar","7.1","100","2001","comedy, crime, mystery","79811","2001-01-19","http://www.imdb.com/title/tt0247745/"
"131","tt1334537","Sun Jul 15 20:36:38 2012","Sun Jul 15 20:36:38 2012","","Humpday","Feature Film","Lynn Shelton","6.1","94","2009","comedy, drama, romance","4910","2009-01-16","http://www.imdb.com/title/tt1334537/"
"132","tt1187041","Sun Jul 15 20:40:53 2012","Sun Jul 15 20:40:53 2012","","The Answer Man","Feature Film","John Hindman","6.4","97","2009","comedy, romance","5829","2009-01-18","http://www.imdb.com/title/tt1187041/"
"133","tt0832318","Sun Jul 15 20:42:48 2012","Sun Jul 15 20:42:48 2012","","What Goes Up","Feature Film","Jonathan Glatzer","5.7","115","2009","drama","1677","2009-05-06","http://www.imdb.com/title/tt0832318/"
"134","tt0906326","Sun Jul 15 20:46:13 2012","Sun Jul 15 20:46:13 2012","","Just Buried","Feature Film","Chaz Thorne","6.1","94","2007","comedy, drama","1831","2007-09-09","http://www.imdb.com/title/tt0906326/"
"135","tt1293842","Wed Feb 20 15:07:15 2013","Wed Feb 20 15:07:15 2013","","The Winning Season","Feature Film","James C. Strouse","6.6","104","2009","comedy, sport","5044","2009-01-19","http://www.imdb.com/title/tt1293842/"
"136","tt2112293","Wed Feb 20 15:10:52 2013","Wed Feb 20 15:10:52 2013","","The Comedy","Feature Film","Rick Alverson","6.5","95","2012","comedy, drama","3832","2012-01-21","http://www.imdb.com/title/tt2112293/"
"137","tt1872818","Wed Feb 20 15:11:12 2013","Wed Feb 20 15:11:12 2013","","Liberal Arts","Feature Film","Josh Radnor","6.7","97","2012","comedy, drama, romance","31032","2012-01-22","http://www.imdb.com/title/tt1872818/"
"138","tt0337692","Wed Feb 20 15:11:46 2013","Wed Feb 20 15:11:46 2013","","On the Road","Feature Film","Walter Salles","6.1","124","2012","adventure, drama, romance","35159","2012-05-23","http://www.imdb.com/title/tt0337692/"
"139","tt1742336","Wed Feb 20 15:13:45 2013","Wed Feb 20 15:13:45 2013","","Your Sister's Sister","Feature Film","Lynn Shelton","6.7","90","2011","comedy, drama","22967","2011-09-11","http://www.imdb.com/title/tt1742336/"
"140","tt2044729","Wed Feb 20 15:15:09 2013","Wed Feb 20 15:15:09 2013","","A Glimpse Inside the Mind of Charles Swan III","Feature Film","Roman Coppola","4.8","86","2012","comedy","4270","2012-11-15","http://www.imdb.com/title/tt2044729/"
"141","tt1509787","Wed Feb 20 15:19:59 2013","Wed Feb 20 15:19:59 2013","","A Bag of Hammers","Feature Film","Brian Crano","6.6","85","2011","comedy, drama","2605","2011-03-12","http://www.imdb.com/title/tt1509787/"
"142","tt1995304","Wed Feb 20 15:29:18 2013","Wed Feb 20 15:29:18 2013","","Fat Kid Rules the World","Feature Film","Matthew Lillard","6.5","98","2012","comedy, drama","3035","2012-03-09","http://www.imdb.com/title/tt1995304/"
"143","tt1230215","Wed Feb 20 15:32:22 2013","Wed Feb 20 15:32:22 2013","","Not Fade Away","Feature Film","David Chase","6.0","112","2012","drama","3833","2012-10-06","http://www.imdb.com/title/tt1230215/"
"144","tt1793223","Sun Mar  9 15:01:41 2014","Sun Mar  9 15:01:41 2014","","Free Samples","Feature Film","Jay Gammill","5.6","80","2012","comedy, drama","1826","2012-04-20","http://www.imdb.com/title/tt1793223/"
"145","tt2053423","Sun Mar  9 15:07:45 2014","Sun Mar  9 15:07:45 2014","","Revenge for Jolly!","Feature Film","Chadd Harbold","4.6","81","2012","comedy, drama","1083","2012-04-21","http://www.imdb.com/title/tt2053423/"
"146","tt1714206","Sun Mar  9 15:14:14 2014","Sun Mar  9 15:14:14 2014","","The Spectacular Now","Feature Film","James Ponsoldt","7.1","95","2013","comedy, drama, romance","117126","2013-01-18","http://www.imdb.com/title/tt1714206/"
"147","tt0910554","Sun Mar  9 15:26:56 2014","Sun Mar  9 15:26:56 2014","","Frequently Asked Questions About Time Travel","Feature Film","Gareth Carrivick","7.1","83","2009","comedy, sci_fi","27899","2009-02-16","http://www.imdb.com/title/tt0910554/"
"148","tt1609479","Sun Mar 23 22:37:31 2014","Sun Mar 23 22:37:31 2014","","Better Living Through Chemistry","Feature Film","Geoff Moore, David Posamentier","6.3","91","2014","comedy, drama","12085","2014-03-14","http://www.imdb.com/title/tt1609479/"
"149","tt0113677","Mon Jul  9 21:00:03 2012","Mon Jul  9 21:00:03 2012","","Living in Oblivion","Feature Film","Tom DiCillo","7.6","90","1995","comedy, drama","13427","1995-01-20","http://www.imdb.com/title/tt0113677/"
"150","tt0115738","Mon Jul  9 20:59:51 2012","Mon Jul  9 20:59:51 2012","","Box of Moon Light","Feature Film","Tom DiCillo","7.3","112","1996","comedy, drama","4597","1996-08-29","http://www.imdb.com/title/tt0115738/"
"151","tt2179116","Sun Mar 23 22:44:28 2014","Sun Mar 23 22:44:28 2014","","The Kings of Summer","Feature Film","Jordan Vogt-Roberts","7.2","95","2013","adventure, comedy, drama","66247","2013-01-19","http://www.imdb.com/title/tt2179116/"
"152","tt0407814","Mon Jul  9 21:00:28 2012","Mon Jul  9 21:00:28 2012","","Full Grown Men","Feature Film","David Munro","5.2","78","2006","comedy, drama","306","2006-04-27","http://www.imdb.com/title/tt0407814/"
"153","tt2910274","Tue Apr 15 12:36:51 2014","Tue Apr 15 12:36:51 2014","","Obvious Child","Feature Film","Gillian Robespierre","6.8","84","2014","comedy, drama","18618","2014-01-17","http://www.imdb.com/title/tt2910274/"
"154","tt0401244","Mon Jul  9 21:01:10 2012","Mon Jul  9 21:01:10 2012","","The Baxter","Feature Film","Michael Showalter","6.7","91","2005","comedy, romance","4321","2005-04-24","http://www.imdb.com/title/tt0401244/"
"155","tt2390994","Tue Apr 15 12:58:14 2014","Tue Apr 15 12:58:14 2014","","Loitering with Intent","Feature Film","Adam Rapp","4.6","80","2014","comedy, drama","531","2014-04-18","http://www.imdb.com/title/tt2390994/"
"156","tt2463512","Tue Apr 15 12:58:56 2014","Tue Apr 15 12:58:56 2014","","Hateship Loveship","Feature Film","Liza Johnson","6.1","104","2013","drama, romance","5313","2013-09-07","http://www.imdb.com/title/tt2463512/"
"157","tt1698648","Tue Apr 15 12:59:12 2014","Tue Apr 15 12:59:12 2014","","Girl Most Likely","Feature Film","Shari Springer Berman, Robert Pulcini","5.8","103","2012","comedy","12982","2012-09-07","http://www.imdb.com/title/tt1698648/"
"158","tt1667307","Tue Apr 15 14:46:51 2014","Tue Apr 15 14:46:51 2014","","Damsels in Distress","Feature Film","Whit Stillman","5.7","99","2011","comedy, drama, romance","8049","2011-09-10","http://www.imdb.com/title/tt1667307/"
"159","tt1710417","Tue Apr 15 14:50:39 2014","Tue Apr 15 14:50:39 2014","","Lola Versus","Feature Film","Daryl Wein","5.4","87","2012","comedy","7378","2012-04-24","http://www.imdb.com/title/tt1710417/"
"160","tt1981107","Tue Apr 15 14:58:24 2014","Tue Apr 15 14:58:24 2014","","The Young and Prodigious T.S. Spivet","Feature Film","Jean-Pierre Jeunet","7.1","105","2013","action, adventure, drama, family","13160","2013-09-28","http://www.imdb.com/title/tt1981107/"
"161","tt1901040","Tue Apr 15 15:07:49 2014","Tue Apr 15 15:07:49 2014","","Wrong","Feature Film","Quentin Dupieux","6.3","94","2012","comedy, mystery","7680","2012-01-21","http://www.imdb.com/title/tt1901040/"
"162","tt2014346","Tue Apr 15 15:08:35 2014","Tue Apr 15 15:08:35 2014","","Somebody Up There Likes Me","Feature Film","Bob Byington","5.8","76","2012","comedy, romance","1339","2012-03-11","http://www.imdb.com/title/tt2014346/"
"163","tt1920945","Tue Apr 15 15:09:13 2014","Tue Apr 15 15:09:13 2014","","Good Vibrations","Feature Film","Lisa Barros D'Sa, Glenn Leyburn","7.2","103","2012","biography, drama, music","3921","2012-05-31","http://www.imdb.com/title/tt1920945/"
"164","tt1715876","Tue Apr 22 09:49:42 2014","Tue Apr 22 09:49:42 2014","","The Discoverers","Feature Film","Justin Schwarz","5.6","104","2012","comedy","431","2012-10-06","http://www.imdb.com/title/tt1715876/"
"165","tt2402985","Tue Apr 22 09:51:46 2014","Tue Apr 22 09:51:46 2014","","Ping Pong Summer","Feature Film","Michael Tully","5.3","92","2014","comedy, drama","2323","2014-01-18","http://www.imdb.com/title/tt2402985/"
"166","tt2132285","Tue Apr 22 09:53:28 2014","Tue Apr 22 09:53:28 2014","","The Bling Ring","Feature Film","Sofia Coppola","5.6","90","2013","biography, crime, drama","71742","2013-05-16","http://www.imdb.com/title/tt2132285/"
"167","tt2265398","Tue Apr 22 09:54:12 2014","Tue Apr 22 09:54:12 2014","","Drinking Buddies","Feature Film","Joe Swanberg","6.1","90","2013","comedy, drama, romance","48946","2013-01-22","http://www.imdb.com/title/tt2265398/"
"168","tt1798243","Tue Apr 22 09:57:45 2014","Tue Apr 22 09:57:45 2014","","Rudderless","Feature Film","William H. Macy","7.5","105","2014","comedy, drama, music","14594","2014-01-24","http://www.imdb.com/title/tt1798243/"
"169","tt1571249","Tue Apr 22 10:18:20 2014","Tue Apr 22 10:18:20 2014","","The Skeleton Twins","Feature Film","Craig Johnson","6.8","93","2014","comedy, drama, romance","33828","2014-01-18","http://www.imdb.com/title/tt1571249/"
"170","tt2343158","Tue Apr 22 10:19:14 2014","Tue Apr 22 10:19:14 2014","","Run & Jump","Feature Film","Steph Green","6.3","106","2013","drama","1127","2013-04-20","http://www.imdb.com/title/tt2343158/"
"171","tt1663207","Tue Apr 22 10:24:20 2014","Tue Apr 22 10:24:20 2014","","Life of Crime","Feature Film","Daniel Schechter","5.8","98","2013","comedy, crime","13922","2013-09-14","http://www.imdb.com/title/tt1663207/"
"172","tt1545754","Tue Apr 22 10:27:16 2014","Tue Apr 22 10:27:16 2014","","Are You Here","Feature Film","Matthew Weiner","5.3","114","2013","comedy, drama","12362","2013-09-07","http://www.imdb.com/title/tt1545754/"
"173","tt2398249","Tue Apr 22 10:27:33 2014","Tue Apr 22 10:27:33 2014","","They Came Together","Feature Film","David Wain","5.5","83","2014","comedy, romance","18105","2014-01-24","http://www.imdb.com/title/tt2398249/"
"174","tt1462901","Tue Apr 22 10:27:53 2014","Tue Apr 22 10:27:53 2014","","All Is Bright","Feature Film","Phil Morrison","5.6","107","2013","comedy, drama","4770","2013-04-18","http://www.imdb.com/title/tt1462901/"
"175","tt2312890","Wed Jun 11 16:45:34 2014","Wed Jun 11 16:45:34 2014","","Afternoon Delight","Feature Film","Jill Soloway","5.8","98","2013","comedy, drama","7956","2013-01-21","http://www.imdb.com/title/tt2312890/"
"176","tt0446747","Sat Jun 21 19:57:39 2014","Sat Jun 21 19:57:39 2014","","Mutual Appreciation","Feature Film","Andrew Bujalski","6.9","109","2005","comedy","1611","2005-03","http://www.imdb.com/title/tt0446747/"
"177","tt1067765","Wed Sep 24 13:44:22 2014","Wed Sep 24 13:44:22 2014","","Adult World","Feature Film","Scott Coffey","6.2","97","2013","comedy, drama","14410","2013-10-06","http://www.imdb.com/title/tt1067765/"
"178","tt3766394","Fri Jan 20 15:57:50 2017","Fri Jan 20 15:57:50 2017","","Hello, My Name Is Doris","Feature Film","Michael Showalter","6.7","90","2015","comedy, drama, romance","13068","2015-03-14","http://www.imdb.com/title/tt3766394/"
"179","tt2582496","Fri Jan 20 15:57:56 2017","Fri Jan 20 15:57:56 2017","","Me and Earl and the Dying Girl","Feature Film","Alfonso Gomez-Rejon","7.8","105","2015","comedy, drama","93546","2015-01-25","http://www.imdb.com/title/tt2582496/"
"180","tt4104022","Tue Jan 24 13:59:13 2017","Tue Jan 24 13:59:13 2017","","People Places Things","Feature Film","Jim Strouse","6.9","85","2015","comedy, romance","6345","2015-01-26","http://www.imdb.com/title/tt4104022/"
"181","tt2437548","Tue Jan 24 13:59:41 2017","Tue Jan 24 13:59:41 2017","","Goodbye to All That","Feature Film","Angus MacLachlan","5.2","87","2014","comedy, drama, romance","1934","2014-04-17","http://www.imdb.com/title/tt2437548/"
"182","tt3591436","Tue Jan 24 14:01:57 2017","Tue Jan 24 14:01:57 2017","","Night Owls","Feature Film","Charles Hood","6.2","90","2015","comedy, drama","1436","2015-03-13","http://www.imdb.com/title/tt3591436/"
"183","tt3774466","Tue Jan 24 14:03:04 2017","Tue Jan 24 14:03:04 2017","","Ashby","Feature Film","Tony McNamara","6.4","100","2015","comedy, drama, romance","11510","2015-04-19","http://www.imdb.com/title/tt3774466/"
"184","tt0102817","Wed Feb  1 16:55:59 2017","Wed Feb  1 16:55:59 2017","","Rubin and Ed","Feature Film","Trent Harris","7.4","82","1991","comedy, drama","1441","1991-08","http://www.imdb.com/title/tt0102817/"
"185","tt0349416","Fri Feb  3 22:45:26 2017","Fri Feb  3 22:45:26 2017","","Eulogy","Feature Film","Michael Clancy","6.7","91","2004","comedy, drama","7895","2004-08-24","http://www.imdb.com/title/tt0349416/"
"186","tt2980472","Sun Mar  5 15:44:33 2017","Sun Mar  5 15:44:33 2017","","Just Before I Go","Feature Film","Courteney Cox","6.4","95","2014","comedy, drama","14954","2014-04-24","http://www.imdb.com/title/tt2980472/"
